,Link,Dealer/private,Price_kr,Mileage_km,Color,AWD/RWD,Age_in_months,Acceleration_category,Range_category
0,https://www.bilbasen.dk/brugt/bil/vw/id4/pro-performance-1st-5d/6137536,True,299800,2000,Grey,False,33,medium,medium
1,https://www.bilbasen.dk/brugt/bil/vw/id4/pro-performance-5d/6014566,True,329800,5000,Blue,False,19,medium,medium
2,https://www.bilbasen.dk/brugt/bil/vw/id4/pro-5d/6156058,True,289900,7000,White,False,10,slow,long
3,https://www.bilbasen.dk/brugt/bil/vw/id4/gtx-4motion-5d/6142897,True,419800,50,White,True,14,fast,short
4,https://www.bilbasen.dk/brugt/bil/vw/id4/gtx-4motion-5d/6069949,True,359900,37,Silver,True,11,fast,medium
5,https://www.bilbasen.dk/brugt/bil/vw/id4/pro-performance-5d/6122501,True,427500,6000,Black,False,9,medium,long
6,https://www.bilbasen.dk/brugt/bil/vw/id4/gtx-4motion-5d/6132524,True,419800,2000,Black,True,14,fast,short
7,https://www.bilbasen.dk/brugt/bil/vw/id4/pro-performance-life-5d/5615572,True,289800,7000,Grey,False,30,medium,medium
8,https://www.bilbasen.dk/brugt/bil/vw/id4/pro-5d/6134922,True,299900,8000,Blue,False,14,slow,medium
9,https://www.bilbasen.dk/brugt/bil/vw/id4/pro-performance-5d/6105604,True,312700,6000,Silver,False,11,medium,long
10,https://www.bilbasen.dk/brugt/bil/vw/id4/pro-performance-life-plus-5d/6135070,True,299900,6000,Silver,False,11,medium,long
11,https://www.bilbasen.dk/brugt/bil/vw/id4/gtx-4motion-5d/6089709,True,369800,8000,Red,True,15,fast,medium
12,https://www.bilbasen.dk/brugt/bil/vw/id4/gtx-4motion-5d/6138064,True,419500,4000,White,True,5,fast,medium
13,https://www.bilbasen.dk/brugt/bil/vw/id4/pro-performance-5d/6135110,True,334900,7000,Blue,False,24,medium,medium
14,https://www.bilbasen.dk/brugt/bil/vw/id4/gtx-4motion-5d/6157400,True,349900,500,Black,True,3,fast,short
15,https://www.bilbasen.dk/brugt/bil/vw/id4/pro-performance-5d/6155780,True,319900,7500,Blue,False,13,medium,long
16,https://www.bilbasen.dk/brugt/bil/vw/id4/pro-5d/6156071,True,289900,5000,Silver,False,10,slow,long
17,https://www.bilbasen.dk/brugt/bil/vw/id4/pro-5d/6131791,True,315000,2000,Blue,False,10,slow,long
18,https://www.bilbasen.dk/brugt/bil/vw/id4/gtx-4motion-5d/6096963,True,359900,100,White,True,15,fast,short
19,https://www.bilbasen.dk/brugt/bil/vw/id4/gtx-4motion-5d/6064803,True,359900,100,White,True,15,fast,short
20,https://www.bilbasen.dk/brugt/bil/vw/id4/gtx-4motion-5d/6098868,True,419900,50,Grey,True,15,fast,medium
21,https://www.bilbasen.dk/brugt/bil/vw/id4/pro-performance-life-plus-5d/6154383,True,299500,5000,Grey,False,11,medium,long
22,https://www.bilbasen.dk/brugt/bil/vw/id4/pure-performance-5d/5529909,True,289900,100,Grey,False,23,medium,short
23,https://www.bilbasen.dk/brugt/bil/vw/id4/pro-performance-5d/6119044,True,344900,4000,Grey,False,13,medium,long
24,https://www.bilbasen.dk/brugt/bil/vw/id4/pro-performance-5d/6132374,True,364900,1500,White,False,3,medium,long
25,https://www.bilbasen.dk/brugt/bil/vw/id4/gtx-4motion-5d/6038418,True,384900,2000,White,True,15,fast,medium
26,https://www.bilbasen.dk/brugt/bil/vw/id4/pro-performance-75-years-edition-5d/5967343,True,354900,5000,White,False,9,medium,long
27,https://www.bilbasen.dk/brugt/bil/vw/id4/pro-performance-5d/5767261,True,349900,800,White,False,19,medium,medium
28,https://www.bilbasen.dk/brugt/bil/vw/id4/pro-performance-5d/6135878,True,323500,5000,White,False,20,medium,medium
29,https://www.bilbasen.dk/brugt/bil/vw/id4/pro-performance-5d/6012253,True,375000,4000,Blue,False,6,medium,long
30,https://www.bilbasen.dk/brugt/bil/vw/id4/gtx-4motion-5d/6056545,True,359900,55,Black,True,14,fast,short
31,https://www.bilbasen.dk/brugt/bil/vw/id4/pro-performance-5d/6138364,True,324900,1000,Silver,False,7,medium,long
32,https://www.bilbasen.dk/brugt/bil/vw/id4/pro-performance-1st-max-5d/6145769,True,329900,8000,White,False,37,medium,medium
33,https://www.bilbasen.dk/brugt/bil/vw/id4/pro-performance-5d/6135848,True,327700,8000,Blue,False,11,medium,long
34,https://www.bilbasen.dk/brugt/bil/vw/id4/pro-5d/6138035,True,289900,4000,White,False,11,slow,long
35,https://www.bilbasen.dk/brugt/bil/vw/id4/pro-performance-5d/6157472,True,339800,8000,Black,False,13,medium,long
36,https://www.bilbasen.dk/brugt/bil/vw/id4/pro-performance-5d/6144033,True,319900,5000,White,False,11,medium,long
37,https://www.bilbasen.dk/brugt/bil/vw/id4/pro-performance-5d/5967324,True,324900,100,Grey,False,23,medium,medium
38,https://www.bilbasen.dk/brugt/bil/vw/id4/gtx-4motion-5d/6065712,True,359900,100,Blue,True,15,fast,short
39,https://www.bilbasen.dk/brugt/bil/vw/id4/pro-5d/6156073,True,289900,7000,Blue,False,11,slow,long
40,https://www.bilbasen.dk/brugt/bil/vw/id4/pro-performance-5d/6148818,True,329500,7000,Grey,False,22,medium,medium
41,https://www.bilbasen.dk/brugt/bil/vw/id4/pro-performance-5d/6140612,True,364900,1800,Blue,False,3,medium,long
42,https://www.bilbasen.dk/brugt/bil/vw/id4/gtx-4motion-5d/6096964,True,359900,100,Silver,True,14,fast,short
43,https://www.bilbasen.dk/brugt/bil/vw/id4/style-5d/6100073,True,254900,8000,White,False,30,slow,short
44,https://www.bilbasen.dk/brugt/bil/vw/id4/gtx-4motion-5d/6098875,True,419900,50,Grey,True,15,fast,medium
45,https://www.bilbasen.dk/brugt/bil/vw/id4/pro-5d/6159353,True,289900,8000,Silver,False,11,slow,long
46,https://www.bilbasen.dk/brugt/bil/vw/id4/pro-performance-5d/5967126,True,324900,2000,Silver,False,17,medium,long
47,https://www.bilbasen.dk/brugt/bil/vw/id4/pro-performance-5d/6130327,True,314700,7000,Black,False,11,medium,long
48,https://www.bilbasen.dk/brugt/bil/vw/id4/pro-5d/6139336,True,289900,5000,Silver,False,11,slow,long
49,https://www.bilbasen.dk/brugt/bil/vw/id4/pure-performance-5d/5554881,True,339900,1800,Grey,False,29,medium,short
50,https://www.bilbasen.dk/brugt/bil/vw/id4/pro-5d/6140313,True,289900,8000,White,False,11,slow,long
51,https://www.bilbasen.dk/brugt/bil/vw/id4/pro-performance-life-plus-5d/6131129,True,309900,2000,White,False,11,medium,medium
52,https://www.bilbasen.dk/brugt/bil/vw/id4/pro-5d/6156072,True,289900,2000,White,False,11,slow,long
53,https://www.bilbasen.dk/brugt/bil/vw/id4/pro-performance-5d/6154000,True,319900,6500,Grey,False,11,medium,long
54,https://www.bilbasen.dk/brugt/bil/vw/id4/pure-5d/6054488,True,239500,7000,Grey,False,30,slow,short
55,https://www.bilbasen.dk/brugt/bil/vw/id4/pro-performance-5d/6102968,True,329900,6000,Black,False,16,medium,medium
56,https://www.bilbasen.dk/brugt/bil/vw/id4/pro-performance-5d/6144480,True,399500,3000,Blue,False,5,medium,long
57,https://www.bilbasen.dk/brugt/bil/vw/id4/pro-performance-5d/6139811,True,324900,7885,Blue,False,13,medium,medium
58,https://www.bilbasen.dk/brugt/bil/vw/id4/gtx-4motion-5d/6038419,True,384900,2000,Black,True,14,fast,medium
59,https://www.bilbasen.dk/brugt/bil/vw/id4/gtx-4motion-5d/6061228,True,359900,100,Black,True,14,fast,short
60,https://www.bilbasen.dk/brugt/bil/vw/id4/pro-5d/6150531,True,299900,8000,White,False,13,slow,long
61,https://www.bilbasen.dk/brugt/bil/vw/id4/gtx-4motion-5d/6142909,True,419800,50,White,True,13,fast,short
62,https://www.bilbasen.dk/brugt/bil/vw/id4/gtx-4motion-5d/5840091,True,468800,4000,White,True,11,fast,medium
63,https://www.bilbasen.dk/brugt/bil/vw/id4/pro-performance-max-5d/6049958,True,349900,7000,Yellow_gold,False,38,medium,medium
64,https://www.bilbasen.dk/brugt/bil/vw/id4/pro-performance-5d/6132660,True,324700,8000,White,False,11,medium,long
65,https://www.bilbasen.dk/brugt/bil/vw/id4/gtx-4motion-5d/6047379,True,357900,4200,White,True,11,fast,short
66,https://www.bilbasen.dk/brugt/bil/vw/id4/pro-5d/6139338,True,289900,8000,White,False,11,slow,long
67,https://www.bilbasen.dk/brugt/bil/vw/id4/pro-performance-5d/5978746,True,369900,8000,White,False,17,medium,medium
68,https://www.bilbasen.dk/brugt/bil/vw/id4/pro-performance-5d/5996450,True,319900,7000,Grey,False,17,medium,medium
69,https://www.bilbasen.dk/brugt/bil/vw/id4/gtx-4motion-5d/5966312,True,339800,6000,White,True,27,fast,medium
70,https://www.bilbasen.dk/brugt/bil/vw/id4/pro-performance-5d/6137670,True,304900,4000,Grey,False,17,medium,long
71,https://www.bilbasen.dk/brugt/bil/vw/id4/pro-performance-5d/6134246,True,285000,28000,White,False,41,medium,medium
72,https://www.bilbasen.dk/brugt/bil/vw/id4/pro-performance-1st-5d/6155480,True,259900,42000,Blue,False,37,medium,medium
73,https://www.bilbasen.dk/brugt/bil/vw/id4/pro-performance-max-5d/6144961,True,324800,30000,White,False,31,medium,medium
74,https://www.bilbasen.dk/brugt/bil/vw/id4/pro-performance-1st-5d/6134705,True,269900,40000,Blue,False,37,medium,medium
75,https://www.bilbasen.dk/brugt/bil/vw/id4/pure-5d/6070043,True,229900,35000,Grey,False,31,slow,short
76,https://www.bilbasen.dk/brugt/bil/vw/id4/pro-performance-1st-5d/6118869,True,284900,24000,Blue,False,38,medium,medium
77,https://www.bilbasen.dk/brugt/bil/vw/id4/pure-5d/6056867,True,219800,24000,Grey,False,30,slow,short
78,https://www.bilbasen.dk/brugt/bil/vw/id4/pro-performance-1st-5d/6120737,True,269900,32000,Yellow_gold,False,37,medium,medium
79,https://www.bilbasen.dk/brugt/bil/vw/id4/pro-performance-5d/6158600,True,254900,35000,Grey,False,19,medium,medium
80,https://www.bilbasen.dk/brugt/bil/vw/id4/pure-5d/6074195,True,239900,25000,Grey,False,18,slow,short
81,https://www.bilbasen.dk/brugt/bil/vw/id4/gtx-4motion-5d/6134921,True,319000,35000,Red,True,14,fast,medium
82,https://www.bilbasen.dk/brugt/bil/vw/id4/pro-performance-1st-5d/6127785,True,279800,28000,White,False,41,medium,medium
83,https://www.bilbasen.dk/brugt/bil/vw/id4/pure-performance-5d/6152345,True,224900,27000,Grey,False,29,medium,short
84,https://www.bilbasen.dk/brugt/bil/vw/id4/city-performance-5d/6121425,True,244800,29000,Grey,False,27,medium,short
85,https://www.bilbasen.dk/brugt/bil/vw/id4/gtx-4motion-5d/5964728,True,359700,42000,White,True,35,fast,short
86,https://www.bilbasen.dk/brugt/bil/vw/id4/pro-performance-5d/6141206,True,324900,24000,Blue,False,17,medium,medium
87,https://www.bilbasen.dk/brugt/bil/vw/id4/pure-5d/6123936,True,214900,27000,Grey,False,31,slow,short
88,https://www.bilbasen.dk/brugt/bil/vw/id4/pro-performance-1st-5d/6150056,True,274900,29000,White,False,41,medium,medium
89,https://www.bilbasen.dk/brugt/bil/vw/id4/pro-performance-1st-5d/6130919,True,269900,49000,Grey,False,37,medium,medium
90,https://www.bilbasen.dk/brugt/bil/vw/id4/pro-performance-1st-max-5d/6069728,True,329900,24000,White,False,41,medium,medium
91,https://www.bilbasen.dk/brugt/bil/vw/id4/tech-performance-5d/6108434,True,309999,37000,Blue,False,29,medium,medium
92,https://www.bilbasen.dk/brugt/bil/vw/id4/gtx-4motion-5d/6147352,True,299995,25000,White,True,27,fast,short
93,https://www.bilbasen.dk/brugt/bil/vw/id4/pure-performance-5d/6057781,True,224900,29000,Grey,False,30,medium,short
94,https://www.bilbasen.dk/brugt/bil/vw/id4/pro-performance-1st-5d/5976503,True,289900,34000,Grey,False,34,medium,medium
95,https://www.bilbasen.dk/brugt/bil/vw/id4/pro-performance-1st-5d/6117959,True,274900,36000,Blue,False,41,medium,medium
96,https://www.bilbasen.dk/brugt/bil/vw/id4/pro-performance-1st-5d/6159093,True,284900,32000,Grey,False,37,medium,medium
97,https://www.bilbasen.dk/brugt/bil/vw/id4/pro-performance-active-5d/6147930,True,319900,25000,White,False,14,medium,long
98,https://www.bilbasen.dk/brugt/bil/vw/id4/pro-performance-5d/6029142,True,299000,45000,Grey,False,24,medium,medium
99,https://www.bilbasen.dk/brugt/bil/vw/id4/pure-5d/6135723,True,229800,24000,Grey,False,14,slow,short
100,https://www.bilbasen.dk/brugt/bil/vw/id4/life-performance-5d/6074801,True,269900,48000,Grey,False,33,medium,medium
101,https://www.bilbasen.dk/brugt/bil/vw/id4/pro-performance-5d/6130536,True,274900,32000,Grey,False,28,medium,medium
102,https://www.bilbasen.dk/brugt/bil/vw/id4/pro-performance-1st-5d/6139506,True,272900,32000,Grey,False,41,medium,medium
103,https://www.bilbasen.dk/brugt/bil/vw/id4/gtx-4motion-5d/6021278,True,349900,25000,White,True,31,fast,short
104,https://www.bilbasen.dk/brugt/bil/vw/id4/gtx-4motion-5d/6087745,True,339900,50000,White,True,30,fast,short
105,https://www.bilbasen.dk/brugt/bil/vw/id4/city-pure-performance-5d/6150496,True,224900,47000,White,False,30,medium,short
106,https://www.bilbasen.dk/brugt/bil/vw/id4/pro-performance-1st-5d/6140098,True,264900,29000,Blue,False,41,medium,medium
107,https://www.bilbasen.dk/brugt/bil/vw/id4/pro-performance-max-5d/6152767,True,308800,32000,Yellow_gold,False,37,medium,medium
108,https://www.bilbasen.dk/brugt/bil/vw/id4/pro-performance-1st-5d/6151334,True,264500,33000,White,False,41,medium,medium
109,https://www.bilbasen.dk/brugt/bil/vw/id4/1st-plus-5d/6158019,True,279900,40000,Grey,False,36,medium,medium
110,https://www.bilbasen.dk/brugt/bil/vw/id4/pro-performance-max-5d/6000142,True,319900,40000,White,False,32,medium,medium
111,https://www.bilbasen.dk/brugt/bil/vw/id4/5d/6115211,True,249900,35000,White,False,29,slow,short
112,https://www.bilbasen.dk/brugt/bil/vw/id4/pro-performance-5d/6056498,True,314900,24000,White,False,18,medium,long
113,https://www.bilbasen.dk/brugt/bil/vw/id4/pro-performance-active-5d/6026963,True,324900,30000,White,False,13,medium,long
114,https://www.bilbasen.dk/brugt/bil/vw/id4/1st-max-5d/6142979,True,324900,30000,White,False,35,medium,medium
115,https://www.bilbasen.dk/brugt/bil/vw/id4/pro-performance-5d/6137584,True,299500,29000,White,False,29,medium,medium
116,https://www.bilbasen.dk/brugt/bil/vw/id4/pro-performance-5d/6157388,True,269900,25650,Grey,False,29,medium,medium
117,https://www.bilbasen.dk/brugt/bil/vw/id4/pure-performance-5d/6153785,True,239500,35000,White,False,20,medium,short
118,https://www.bilbasen.dk/brugt/bil/vw/id4/gtx-4motion-5d/6137063,True,349900,39000,Grey,True,35,fast,short
119,https://www.bilbasen.dk/brugt/bil/vw/id4/pro-5d/6120719,True,309900,37000,Blue,False,20,slow,medium
120,https://www.bilbasen.dk/brugt/bil/vw/id4/pro-performance-1st-5d/5974504,True,289700,28000,Grey,False,40,medium,medium
121,https://www.bilbasen.dk/brugt/bil/vw/id4/pro-performance-max-5d/6131778,True,299900,34000,Grey,False,37,medium,medium
122,https://www.bilbasen.dk/brugt/bil/vw/id4/pro-performance-5d/6145933,True,289995,24000,Black,False,27,medium,medium
123,https://www.bilbasen.dk/brugt/bil/vw/id4/pure-performance-5d/6090436,True,214900,38000,Grey,False,31,medium,short
124,https://www.bilbasen.dk/brugt/bil/vw/id4/gtx-4motion-5d/6086520,True,359000,31000,Red,True,26,fast,short
125,https://www.bilbasen.dk/brugt/bil/vw/id4/pro-performance-5d/6106258,True,269900,40500,Grey,False,39,medium,medium
126,https://www.bilbasen.dk/brugt/bil/vw/id4/pro-performance-5d/6101959,True,299900,33000,White,False,37,medium,medium
127,https://www.bilbasen.dk/brugt/bil/vw/id4/gtx-4motion-5d/6020286,True,369900,29000,Grey,True,34,fast,short
128,https://www.bilbasen.dk/brugt/bil/vw/id4/pro-performance-5d/6158047,True,284900,33000,Grey,False,25,medium,medium
129,https://www.bilbasen.dk/brugt/bil/vw/id4/pro-performance-1st-5d/6140595,True,284900,40000,White,False,38,medium,medium
130,https://www.bilbasen.dk/brugt/bil/vw/id4/pro-performance-1st-5d/6140455,True,289900,35000,Yellow_gold,False,29,medium,medium
131,https://www.bilbasen.dk/brugt/bil/vw/id4/pro-performance-1st-5d/6153533,True,269900,40500,Blue,False,36,medium,medium
132,https://www.bilbasen.dk/brugt/bil/vw/id4/pro-performance-1st-5d/5939200,True,295000,49000,White,False,35,medium,medium
133,https://www.bilbasen.dk/brugt/bil/vw/id4/pure-5d/6149002,True,219900,47500,Grey,False,30,slow,short
134,https://www.bilbasen.dk/brugt/bil/vw/id4/pro-performance-5d/6157469,True,279800,25000,Grey,False,19,medium,medium
135,https://www.bilbasen.dk/brugt/bil/vw/id4/pro-performance-1st-5d/6147429,True,284900,35000,Grey,False,36,medium,medium
136,https://www.bilbasen.dk/brugt/bil/vw/id4/pro-performance-max-5d/6123210,True,314900,26300,Blue,False,33,medium,medium
137,https://www.bilbasen.dk/brugt/bil/vw/id4/pro-performance-5d/6126014,True,319900,25000,Grey,False,17,medium,long
138,https://www.bilbasen.dk/brugt/bil/vw/id4/pure-performance-5d/6061147,True,249900,25000,Silver,False,33,medium,short
139,https://www.bilbasen.dk/brugt/bil/vw/id4/pro-performance-1st-5d/6146628,True,279800,48000,Black,False,41,medium,medium
140,https://www.bilbasen.dk/brugt/bil/vw/id4/gtx-4motion-5d/6158245,True,339900,32000,Grey,True,18,fast,medium
141,https://www.bilbasen.dk/brugt/bil/vw/id4/pro-performance-1st-5d/6146839,True,279900,29500,Grey,False,37,medium,medium
142,https://www.bilbasen.dk/brugt/bil/vw/id4/pro-performance-5d/6137658,True,287900,35000,White,False,26,medium,medium
143,https://www.bilbasen.dk/brugt/bil/vw/id4/gtx-4motion-5d/5999417,True,339900,42500,White,True,33,fast,short
144,https://www.bilbasen.dk/brugt/bil/vw/id4/pure-5d/6092458,True,239700,30000,Grey,False,28,slow,short
145,https://www.bilbasen.dk/brugt/bil/vw/id4/pro-performance-5d/6116857,True,279900,44000,White,False,23,medium,medium
146,https://www.bilbasen.dk/brugt/bil/vw/id4/pro-family-5d/6155431,True,279997,42000,Blue,False,33,medium,medium
147,https://www.bilbasen.dk/brugt/bil/vw/id4/gtx-4motion-5d/6002249,True,389900,25000,Grey,True,21,fast,short
148,https://www.bilbasen.dk/brugt/bil/vw/id4/1st-5d/6071469,True,289900,44000,Grey,False,41,medium,medium
149,https://www.bilbasen.dk/brugt/bil/vw/id4/gtx-4motion-5d/6031542,True,309780,38000,Black,True,31,fast,short
150,https://www.bilbasen.dk/brugt/bil/vw/id4/pro-performance-5d/6138332,True,269700,44000,Blue,False,37,medium,medium
151,https://www.bilbasen.dk/brugt/bil/vw/id4/gtx-4motion-5d/6126422,True,349900,45000,Silver,True,34,fast,short
152,https://www.bilbasen.dk/brugt/bil/vw/id4/pro-performance-5d/6146138,True,317000,36000,Blue,False,17,medium,long
153,https://www.bilbasen.dk/brugt/bil/vw/id4/pro-performance-1st-5d/6147742,True,269900,46000,Grey,False,38,medium,medium
154,https://www.bilbasen.dk/brugt/bil/vw/id4/gtx-4motion-5d/6146023,True,349700,42000,White,True,18,fast,medium
155,https://www.bilbasen.dk/brugt/bil/vw/id4/pro-performance-1st-5d/6135985,True,289700,29000,Grey,False,34,medium,medium
156,https://www.bilbasen.dk/brugt/bil/vw/id4/gtx-4motion-5d/6022996,True,339000,36000,Red,True,20,fast,short
157,https://www.bilbasen.dk/brugt/bil/vw/id4/pure-5d/6158987,True,229800,25000,Blue,False,33,slow,short
158,https://www.bilbasen.dk/brugt/bil/vw/id4/pro-performance-5d/6111163,True,334900,50000,White,False,28,medium,medium
159,https://www.bilbasen.dk/brugt/bil/vw/id4/pro-performance-5d/6153876,True,284500,37000,Blue,False,24,medium,medium
160,https://www.bilbasen.dk/brugt/bil/vw/id4/gtx-4motion-5d/6083541,True,359800,34000,Silver,True,29,fast,short
161,https://www.bilbasen.dk/brugt/bil/vw/id4/gtx-4motion-5d/6065091,True,349000,38000,White,True,29,fast,short
162,https://www.bilbasen.dk/brugt/bil/vw/id4/1st-pro-5d/6158928,True,264600,42000,Grey,False,38,medium,medium
163,https://www.bilbasen.dk/brugt/bil/vw/id4/pro-performance-1st-5d/6015015,True,279900,46000,White,False,33,medium,medium
164,https://www.bilbasen.dk/brugt/bil/vw/id4/tech-performance-5d/6145070,True,319400,50000,Grey,False,28,medium,medium
165,https://www.bilbasen.dk/brugt/bil/vw/id4/pro-performance-5d/6155938,True,249900,49000,Grey,False,35,medium,medium
166,https://www.bilbasen.dk/brugt/bil/vw/id4/gtx-4motion-5d/6039331,True,339900,32500,Silver,True,34,fast,short
167,https://www.bilbasen.dk/brugt/bil/vw/id4/pro-performance-1st-5d/5546566,True,279900,25000,Grey,False,38,medium,medium
168,https://www.bilbasen.dk/brugt/bil/vw/id4/pro-performance-1st-max-5d/5977630,True,314999,35800,Blue,False,40,medium,medium
169,https://www.bilbasen.dk/brugt/bil/vw/id4/pro-performance-1st-max-5d/6055624,True,299900,35000,White,False,37,medium,medium
170,https://www.bilbasen.dk/brugt/bil/vw/id4/pro-performance-1st-5d/5974178,True,289700,24000,Grey,False,36,medium,medium
171,https://www.bilbasen.dk/brugt/bil/vw/id4/pure-5d/6092454,True,219700,30000,Grey,False,28,slow,short
172,https://www.bilbasen.dk/brugt/bil/vw/id4/pro-performance-1st-5d/6092072,True,264500,29500,Blue,False,41,medium,medium
173,https://www.bilbasen.dk/brugt/bil/vw/id4/pro-performance-1st-5d/6151335,True,264500,29000,White,False,41,medium,medium
174,https://www.bilbasen.dk/brugt/bil/vw/id4/pro-performance-5d/6156066,True,269900,49000,White,False,29,medium,medium
175,https://www.bilbasen.dk/brugt/bil/vw/id4/pro-performance-1st-max-5d/6119354,True,314900,38000,Blue,False,37,medium,medium
176,https://www.bilbasen.dk/brugt/bil/vw/id4/gtx-4motion-5d/6137721,True,314900,40000,Grey,True,30,fast,short
177,https://www.bilbasen.dk/brugt/bil/vw/id4/style-pure-5d/6157849,True,234800,43550,Grey,False,32,slow,short
178,https://www.bilbasen.dk/brugt/bil/vw/id4/pure-performance-5d/6089212,True,232500,25000,Grey,False,31,medium,short
179,https://www.bilbasen.dk/brugt/bil/vw/id4/pro-performance-max-5d/6157448,True,304800,39000,Blue,False,36,medium,medium
180,https://www.bilbasen.dk/brugt/bil/vw/id4/gtx-4motion-5d/5964143,True,359700,43000,White,True,35,fast,short
181,https://www.bilbasen.dk/brugt/bil/vw/id4/pro-performance-5d/6157841,True,264900,30000,Grey,False,33,medium,medium
182,https://www.bilbasen.dk/brugt/bil/vw/id4/pro-performance-5d/5965570,True,304900,24000,White,False,23,medium,medium
183,https://www.bilbasen.dk/brugt/bil/vw/id4/gtx-4motion-5d/6151013,True,349700,24000,White,True,36,fast,short
184,https://www.bilbasen.dk/brugt/bil/vw/id4/pro-performance-5d/6158157,True,289900,36000,Black,False,20,medium,medium
185,https://www.bilbasen.dk/brugt/bil/vw/id4/gtx-4motion-5d/6044743,True,327900,40000,Black,True,22,fast,short
186,https://www.bilbasen.dk/brugt/bil/vw/id4/gtx-4motion-5d/5695767,True,349990,30000,Red,True,33,fast,short
187,https://www.bilbasen.dk/brugt/bil/vw/id4/pro-performance-1st-max-5d/6132003,True,339900,25000,White,False,41,medium,medium
188,https://www.bilbasen.dk/brugt/bil/vw/id4/pro-performance-5d/6132606,True,274500,27000,Grey,False,31,medium,medium
189,https://www.bilbasen.dk/brugt/bil/vw/id4/gtx-4motion-5d/6069417,True,329900,39000,Black,True,29,fast,short
190,https://www.bilbasen.dk/brugt/bil/vw/id4/city-pure-performance-5d/6056893,True,249900,28000,Grey,False,31,medium,short
191,https://www.bilbasen.dk/brugt/bil/vw/id4/pro-performance-1st-5d/6017086,True,284900,26000,Blue,False,37,medium,medium
192,https://www.bilbasen.dk/brugt/bil/vw/id4/pro-performance-1st-max-5d/6070241,True,319900,32000,Grey,False,37,medium,medium
193,https://www.bilbasen.dk/brugt/bil/vw/id4/gtx-4motion-5d/6030989,True,339900,35000,Silver,True,23,fast,short
194,https://www.bilbasen.dk/brugt/bil/vw/id4/gtx-4motion-5d/6135257,True,359800,26500,White,True,30,fast,short
195,https://www.bilbasen.dk/brugt/bil/vw/id4/max-performance-5d/6128881,True,314900,38000,Grey,False,32,medium,medium
196,https://www.bilbasen.dk/brugt/bil/vw/id4/pure-5d/6014205,True,239900,26000,Grey,False,28,slow,short
197,https://www.bilbasen.dk/brugt/bil/vw/id4/pro-performance-5d/6113121,True,284700,40000,White,False,26,medium,medium
198,https://www.bilbasen.dk/brugt/bil/vw/id4/pro-performance-1st-5d/6152254,True,264700,27000,Blue,False,40,medium,medium
199,https://www.bilbasen.dk/brugt/bil/vw/id4/pure-5d/6074543,True,204700,32000,White,False,30,slow,short
200,https://www.bilbasen.dk/brugt/bil/vw/id4/pro-performance-1st-max-5d/6047640,True,330000,33000,White,False,37,medium,medium
201,https://www.bilbasen.dk/brugt/bil/vw/id4/pro-performance-1st-5d/6147013,True,279900,31000,White,False,41,medium,medium
202,https://www.bilbasen.dk/brugt/bil/vw/id4/pro-performance-5d/6113896,True,319900,43000,White,False,17,medium,long
203,https://www.bilbasen.dk/brugt/bil/vw/id4/1st-5d/6131940,True,279900,36000,Blue,False,37,medium,medium
204,https://www.bilbasen.dk/brugt/bil/vw/id4/pro-performance-5d/6120012,True,269500,41100,White,False,29,medium,medium
205,https://www.bilbasen.dk/brugt/bil/vw/id4/1st-pro-5d/6135083,True,274500,28000,Grey,False,43,medium,medium
206,https://www.bilbasen.dk/brugt/bil/vw/id4/pure-5d/6062826,True,219900,23500,Grey,False,29,slow,short
207,https://www.bilbasen.dk/brugt/bil/vw/id4/gtx-4motion-5d/6154963,True,319700,45000,White,True,28,fast,short
208,https://www.bilbasen.dk/brugt/bil/vw/id4/pro-performance-1st-max-5d/5977246,True,314700,31000,Blue,False,41,medium,medium
209,https://www.bilbasen.dk/brugt/bil/vw/id4/pro-performance-5d/6143227,True,289995,32000,Silver,False,26,medium,medium
210,https://www.bilbasen.dk/brugt/bil/vw/id4/pro-performance-1st-max-5d/6152751,True,299800,45000,Yellow_gold,False,37,medium,medium
211,https://www.bilbasen.dk/brugt/bil/vw/id4/pro-performance-5d/6110540,True,259800,24000,Blue,False,41,medium,medium
212,https://www.bilbasen.dk/brugt/bil/vw/id4/pro-performance-5d/6149134,True,299900,47000,White,False,16,medium,medium
213,https://www.bilbasen.dk/brugt/bil/vw/id4/pro-performance-1st-5d/6027623,True,289700,24000,Grey,False,35,medium,medium
214,https://www.bilbasen.dk/brugt/bil/vw/id4/pro-performance-max-5d/6125617,True,314000,40000,Blue,False,31,medium,medium
215,https://www.bilbasen.dk/brugt/bil/vw/id4/pro-performance-1st-5d/6139033,True,264900,50000,White,False,36,medium,medium
216,https://www.bilbasen.dk/brugt/bil/vw/id4/pro-performance-1st-max-5d/6123909,True,299800,39000,White,False,41,medium,medium
217,https://www.bilbasen.dk/brugt/bil/vw/id4/pro-performance-5d/6088248,True,309000,35000,Blue,False,24,medium,medium
218,https://www.bilbasen.dk/brugt/bil/vw/id4/pro-performance-1st-5d/6032377,True,295700,26000,Grey,False,40,medium,short
219,https://www.bilbasen.dk/brugt/bil/vw/id4/pro-performance-1st-5d/6152777,True,279800,29000,White,False,39,medium,medium
220,https://www.bilbasen.dk/brugt/bil/vw/id4/pro-performance-1st-5d/6118855,True,274900,29000,White,False,37,medium,medium
221,https://www.bilbasen.dk/brugt/bil/vw/id4/pro-performance-1st-5d/6151066,True,289700,29000,Grey,False,39,medium,medium
222,https://www.bilbasen.dk/brugt/bil/vw/id4/pure-performance-5d/6146241,True,234800,23017,Grey,False,27,medium,short
223,https://www.bilbasen.dk/brugt/bil/vw/id4/gtx-4motion-5d/6019487,True,344900,41000,White,True,32,fast,short
224,https://www.bilbasen.dk/brugt/bil/vw/id4/pro-performance-1st-5d/6010378,True,284700,28000,White,False,35,medium,medium
225,https://www.bilbasen.dk/brugt/bil/vw/id4/1st-pro-5d/6081011,True,310000,50000,White,False,34,medium,medium
226,https://www.bilbasen.dk/brugt/bil/vw/id4/gtx-4motion-5d/6071796,True,364900,36000,Silver,True,35,fast,short
227,https://www.bilbasen.dk/brugt/bil/vw/id4/pro-performance-1st-max-5d/6149242,True,314800,32000,White,False,32,medium,medium
228,https://www.bilbasen.dk/brugt/bil/vw/id4/pure-city-5d/6156648,True,224800,27000,White,False,31,slow,short
229,https://www.bilbasen.dk/brugt/bil/vw/id4/pro-performance-5d/6126307,True,329900,42000,White,False,17,medium,long
230,https://www.bilbasen.dk/brugt/bil/vw/id4/pro-performance-1st-5d/6158925,True,284900,35000,Grey,False,35,medium,medium
231,https://www.bilbasen.dk/brugt/bil/vw/id4/pro-performance-5d/6098769,True,329900,38000,Grey,False,30,medium,medium
232,https://www.bilbasen.dk/brugt/bil/vw/id4/pro-performance-1st-max-5d/6145761,True,309900,36000,Grey,False,40,medium,medium
233,https://www.bilbasen.dk/brugt/bil/vw/id4/pro-performance-5d/6152947,True,269000,48000,Grey,False,31,medium,medium
234,https://www.bilbasen.dk/brugt/bil/vw/id4/pro-5d/6155606,True,259800,44000,Grey,False,21,medium,medium
235,https://www.bilbasen.dk/brugt/bil/vw/id4/pro-performance-1st-5d/6152773,True,279800,28000,White,False,38,medium,medium
236,https://www.bilbasen.dk/brugt/bil/vw/id4/pro-performance-5d/6137751,True,259700,43000,Grey,False,36,medium,medium
237,https://www.bilbasen.dk/brugt/bil/vw/id4/pro-performance-5d/6048710,True,289900,36000,White,False,31,medium,medium
238,https://www.bilbasen.dk/brugt/bil/vw/id4/pro-performance-5d/6158788,True,284900,28000,Grey,False,26,medium,medium
239,https://www.bilbasen.dk/brugt/bil/vw/id4/gtx-4motion-5d/6153247,True,319900,46000,Grey,True,30,fast,short
240,https://www.bilbasen.dk/brugt/bil/vw/id4/pro-performance-1st-max-5d/6114709,True,309900,44000,White,False,41,medium,medium
241,https://www.bilbasen.dk/brugt/bil/vw/id4/pro-performance-1st-5d/6153300,True,263900,45000,Grey,False,38,medium,medium
242,https://www.bilbasen.dk/brugt/bil/vw/id4/pro-performance-5d/6148948,True,259900,50000,Grey,False,36,medium,medium
243,https://www.bilbasen.dk/brugt/bil/vw/id4/pro-performance-5d/6092985,True,259900,63000,Blue,False,36,medium,medium
244,https://www.bilbasen.dk/brugt/bil/vw/id4/pro-performance-1st-5d/6147952,True,258800,52000,Grey,False,38,medium,medium
245,https://www.bilbasen.dk/brugt/bil/vw/id4/pro-performance-1st-max-5d/6090536,True,289900,51500,Black,False,37,medium,medium
246,https://www.bilbasen.dk/brugt/bil/vw/id4/pro-performance-5d/6106889,True,279000,57000,Red,False,29,medium,medium
247,https://www.bilbasen.dk/brugt/bil/vw/id4/pro-performance-5d/5975093,True,289900,63000,White,False,32,medium,medium
248,https://www.bilbasen.dk/brugt/bil/vw/id4/pro-performance-1st-5d/6139779,True,259900,57000,Blue,False,37,medium,medium
249,https://www.bilbasen.dk/brugt/bil/vw/id4/pro-performance-5d/6131920,True,269900,68000,White,False,29,medium,medium
250,https://www.bilbasen.dk/brugt/bil/vw/id4/pro-performance-1st-max-5d/6108691,True,299900,51000,White,False,41,medium,medium
251,https://www.bilbasen.dk/brugt/bil/vw/id4/pro-performance-1st-5d/6109025,True,239900,112000,White,False,35,medium,medium
252,https://www.bilbasen.dk/brugt/bil/vw/id4/pro-performance-1st-max-5d/6156623,True,329900,61000,Grey,False,29,medium,medium
253,https://www.bilbasen.dk/brugt/bil/vw/id4/pro-performance-max-5d/6138346,True,299700,52000,Blue,False,40,medium,medium
254,https://www.bilbasen.dk/brugt/bil/vw/id4/pro-performance-1st-5d/6151225,True,239800,116000,Blue,False,33,medium,medium
255,https://www.bilbasen.dk/brugt/bil/vw/id4/1st-max-5d/6146554,True,239900,142000,Grey,False,38,medium,medium
256,https://www.bilbasen.dk/brugt/bil/vw/id4/pure-performance-5d/6081658,True,234700,57000,White,False,29,medium,short
257,https://www.bilbasen.dk/brugt/bil/vw/id4/pro-performance-1st-max-5d/6149962,True,289900,64000,White,False,36,medium,medium
258,https://www.bilbasen.dk/brugt/bil/vw/id4/pro-performance-5d/6151554,True,209900,145000,White,False,35,medium,medium
259,https://www.bilbasen.dk/brugt/bil/vw/id4/1st-max-5d/6083872,True,279900,100000,Grey,False,36,medium,medium
260,https://www.bilbasen.dk/brugt/bil/vw/id4/pro-performance-5d/6156404,True,269900,51000,Grey,False,28,medium,medium
261,https://www.bilbasen.dk/brugt/bil/vw/id4/gtx-4motion-5d/6143283,True,299900,62000,Black,True,26,fast,short
262,https://www.bilbasen.dk/brugt/bil/vw/id4/pro-performance-5d/6149020,True,249900,80000,Grey,False,37,medium,medium
263,https://www.bilbasen.dk/brugt/bil/vw/id4/pro-performance-1st-5d/6138354,True,264900,52000,Grey,False,36,medium,medium
264,https://www.bilbasen.dk/brugt/bil/vw/id4/pro-performance-1st-5d/6031396,True,289800,62000,White,False,31,medium,medium
265,https://www.bilbasen.dk/brugt/bil/vw/id4/family-performance-5d/6135176,True,304900,60000,White,False,27,medium,medium
266,https://www.bilbasen.dk/brugt/bil/vw/id4/pro-performance-1st-max-5d/6113992,True,309900,54000,Grey,False,40,medium,medium
267,https://www.bilbasen.dk/brugt/bil/vw/id4/pro-performance-5d/6052445,True,269900,71000,White,False,33,medium,medium
268,https://www.bilbasen.dk/brugt/bil/vw/id4/pro-performance-1st-max-5d/6118807,True,299900,51000,Grey,False,41,medium,medium
269,https://www.bilbasen.dk/brugt/bil/vw/id4/pro-performance-1st-max-5d/6156248,True,289900,56000,Blue,False,37,medium,medium
270,https://www.bilbasen.dk/brugt/bil/vw/id4/pro-performance-5d/6152803,True,269000,51000,White,False,35,medium,medium
271,https://www.bilbasen.dk/brugt/bil/vw/id4/gtx-4motion-5d/6143305,True,338900,51000,Grey,True,36,fast,short
272,https://www.bilbasen.dk/brugt/bil/vw/id4/1st-max-5d/6104805,True,289900,93000,Grey,False,38,medium,medium
273,https://www.bilbasen.dk/brugt/bil/vw/id4/pro-performance-1st-5d/6072392,True,279990,57000,White,False,37,medium,medium
274,https://www.bilbasen.dk/brugt/bil/vw/id4/pro-performance-5d/6104270,True,279900,62500,Grey,False,27,medium,medium
275,https://www.bilbasen.dk/brugt/bil/vw/id4/1st-max-5d/6137873,True,249780,140000,White,False,37,medium,medium
276,https://www.bilbasen.dk/brugt/bil/vw/id4/pro-performance-1st-5d/6154799,True,244900,81000,White,False,37,medium,medium
277,https://www.bilbasen.dk/brugt/bil/vw/id4/pro-performance-1st-max-5d/6153071,True,294900,57000,Grey,False,38,medium,medium
278,https://www.bilbasen.dk/brugt/bil/vw/id4/1st-max-5d/6144535,True,229900,150000,Grey,False,37,medium,medium
279,https://www.bilbasen.dk/brugt/bil/vw/id4/pro-performance-1st-5d/6142069,True,259780,58000,Blue,False,37,medium,medium
280,https://www.bilbasen.dk/brugt/bil/vw/id4/1st-max-5d/6110736,True,264780,99000,Blue,False,35,medium,medium
281,https://www.bilbasen.dk/brugt/bil/vw/id4/pro-performance-1st-max-5d/6159061,True,249800,127000,White,False,39,medium,medium
282,https://www.bilbasen.dk/brugt/bil/vw/id4/pro-performance-max-5d/6150993,True,294900,63000,White,False,35,medium,medium
283,https://www.bilbasen.dk/brugt/bil/vw/id4/pro-performance-1st-5d/6022118,True,269900,60000,Grey,False,37,medium,medium
284,https://www.bilbasen.dk/brugt/bil/vw/id4/pro-performance-business-5d/6147920,True,259000,106000,White,False,35,medium,medium
285,https://www.bilbasen.dk/brugt/bil/vw/id4/pro-performance-5d/6111159,True,259900,89000,Grey,False,24,medium,medium
286,https://www.bilbasen.dk/brugt/bil/vw/id4/pro-performance-5d/6120123,True,279500,57600,White,False,27,medium,medium
287,https://www.bilbasen.dk/brugt/bil/vw/id4/pro-performance-1st-max-5d/6134204,True,279800,86803,White,False,37,medium,medium
288,https://www.bilbasen.dk/brugt/bil/vw/id4/pro-performance-1st-5d/6151569,True,259900,69500,Blue,False,33,medium,medium
289,https://www.bilbasen.dk/brugt/bil/vw/id4/pro-performance-1st-5d/6095652,True,229900,148000,Yellow_gold,False,38,medium,medium
290,https://www.bilbasen.dk/brugt/bil/vw/id4/pro-performance-5d/6151271,True,239800,126000,Blue,False,33,medium,medium
291,https://www.bilbasen.dk/brugt/bil/vw/id4/1st-max-5d/6154652,True,279900,56500,Grey,False,37,medium,medium
292,https://www.bilbasen.dk/brugt/bil/vw/id4/pro-performance-1st-max-5d/6129861,True,284000,83000,White,False,38,medium,medium
293,https://www.bilbasen.dk/brugt/bil/vw/id4/pro-performance-5d/6153636,True,264990,66500,Grey,False,36,medium,medium
294,https://www.bilbasen.dk/brugt/bil/vw/id4/pro-performance-1st-5d/6128072,True,274700,72000,Grey,False,37,medium,medium
295,https://www.bilbasen.dk/brugt/bil/vw/id4/pro-performance-1st-max-5d/6047861,True,294900,78000,Grey,False,38,medium,medium
296,https://www.bilbasen.dk/brugt/bil/vw/id4/tech-performance-5d/6142201,True,289999,56000,White,False,28,medium,medium
297,https://www.bilbasen.dk/brugt/bil/vw/id4/pro-performance-5d/6150071,True,269900,52500,Grey,False,26,medium,medium
298,https://www.bilbasen.dk/brugt/bil/vw/id4/pro-performance-5d/6153938,True,264900,55000,White,False,28,medium,medium
299,https://www.bilbasen.dk/brugt/bil/vw/id4/gtx-4motion-5d/6108563,True,314900,79130,Silver,True,32,fast,short
300,https://www.bilbasen.dk/brugt/bil/vw/id4/pro-performance-1st-5d/6149048,True,264900,54000,White,False,37,medium,medium
301,https://www.bilbasen.dk/brugt/bil/vw/id4/pro-performance-1st-max-5d/6114108,True,289900,56000,Grey,False,36,medium,medium
302,https://www.bilbasen.dk/brugt/bil/vw/id4/pro-performance-1st-5d/6157309,True,249900,75000,Grey,False,37,medium,medium
303,https://www.bilbasen.dk/brugt/bil/vw/id4/pro-performance-1st-5d/6158890,True,269900,59000,Blue,False,41,medium,medium
304,https://www.bilbasen.dk/brugt/bil/vw/id4/pro-performance-1st-max-5d/6144932,True,274900,77000,Blue,False,37,medium,medium
305,https://www.bilbasen.dk/brugt/bil/vw/id4/pro-performance-1st-5d/6153675,True,269900,54300,Grey,False,36,medium,medium
306,https://www.bilbasen.dk/brugt/bil/vw/id4/pro-performance-5d/6052480,True,269900,71000,White,False,34,medium,medium
307,https://www.bilbasen.dk/brugt/bil/vw/id4/pro-performance-1st-max-5d/6051175,True,319900,57000,Grey,False,31,medium,medium
308,https://www.bilbasen.dk/brugt/bil/vw/id4/pro-performance-1st-5d/6155217,True,244900,81000,White,False,37,medium,medium
309,https://www.bilbasen.dk/brugt/bil/vw/id4/pro-performance-5d/6143304,True,264900,61000,White,False,27,medium,medium
310,https://www.bilbasen.dk/brugt/bil/vw/id4/pro-performance-5d/6064554,True,297000,54000,Blue,False,17,medium,long
311,https://www.bilbasen.dk/brugt/bil/vw/id4/pro-performance-1st-5d/6156484,True,239000,125000,Grey,False,36,medium,medium
312,https://www.bilbasen.dk/brugt/bil/vw/id4/pro-performance-1st-max-5d/6145464,True,294900,51000,White,False,37,medium,medium
313,https://www.bilbasen.dk/brugt/bil/vw/id4/pro-performance-5d/6149985,True,244900,99000,Grey,False,35,medium,medium
314,https://www.bilbasen.dk/brugt/bil/vw/id4/pro-performance-5d/6139923,True,289900,53000,Grey,False,22,medium,medium
315,https://www.bilbasen.dk/brugt/bil/vw/id4/gtx-4motion-5d/6118604,True,334700,56000,White,True,24,fast,short
316,https://www.bilbasen.dk/brugt/bil/vw/id4/pro-performance-5d/6154447,True,259900,53000,Grey,False,33,medium,long
317,https://www.bilbasen.dk/brugt/bil/vw/id4/pro-performance-5d/6151164,True,284800,56000,White,False,17,medium,medium
318,https://www.bilbasen.dk/brugt/bil/vw/id4/pro-performance-1st-5d/6157418,True,259700,71000,Blue,False,37,medium,medium
319,https://www.bilbasen.dk/brugt/bil/vw/id4/pro-performance-1st-5d/6071382,True,269700,65000,White,False,37,medium,medium
320,https://www.bilbasen.dk/brugt/bil/vw/id4/pro-performance-5d/5923161,True,269800,97200,Blue,False,31,medium,medium
321,https://www.bilbasen.dk/brugt/bil/vw/id4/pro-performance-1st-5d/6140504,True,274900,52000,White,False,35,medium,medium
322,https://www.bilbasen.dk/brugt/bil/vw/id4/1st-max-5d/6136211,True,274900,85000,Grey,False,37,medium,medium
323,https://www.bilbasen.dk/brugt/bil/vw/id4/1st-max-5d/6147403,True,319900,17000,White,False,35,medium,medium
324,https://www.bilbasen.dk/brugt/bil/vw/id4/gtx-4motion-5d/6138824,True,344700,12000,White,True,18,fast,short
325,https://www.bilbasen.dk/brugt/bil/vw/id4/pro-performance-5d/6134081,True,285000,22000,Silver,False,35,medium,medium
326,https://www.bilbasen.dk/brugt/bil/vw/id4/pro-performance-5d/6123145,True,329500,11000,Blue,False,12,medium,long
327,https://www.bilbasen.dk/brugt/bil/vw/id4/pro-performance-5d/5584311,True,359900,22000,White,False,19,medium,medium
328,https://www.bilbasen.dk/brugt/bil/vw/id4/pure-5d/6088835,True,224900,12000,Grey,False,31,slow,short
329,https://www.bilbasen.dk/brugt/bil/vw/id4/pro-performance-1st-max-5d/6130407,True,319900,22000,Grey,False,40,medium,medium
330,https://www.bilbasen.dk/brugt/bil/vw/id4/tech-performance-5d/6117676,True,339900,10000,Grey,False,32,medium,medium
331,https://www.bilbasen.dk/brugt/bil/vw/id4/pro-performance-5d/6084938,True,319900,13000,White,False,20,medium,long
332,https://www.bilbasen.dk/brugt/bil/vw/id4/pro-performance-5d/6153109,True,309900,9000,Silver,False,12,medium,long
333,https://www.bilbasen.dk/brugt/bil/vw/id4/pro-performance-1st-5d/6153080,True,299900,22000,White,False,34,medium,medium
334,https://www.bilbasen.dk/brugt/bil/vw/id4/pro-performance-1st-5d/6118850,True,299900,16000,White,False,29,medium,medium
335,https://www.bilbasen.dk/brugt/bil/vw/id4/gtx-4motion-5d/6111127,True,314500,14000,Red,True,29,fast,short
336,https://www.bilbasen.dk/brugt/bil/vw/id4/pro-performance-5d/6137408,True,299900,9000,White,False,21,medium,medium
337,https://www.bilbasen.dk/brugt/bil/vw/id4/gtx-4motion-5d/5844333,True,405900,18000,Grey,True,11,fast,medium
338,https://www.bilbasen.dk/brugt/bil/vw/id4/pro-performance-1st-5d/6137729,True,279800,23000,White,False,41,medium,medium
339,https://www.bilbasen.dk/brugt/bil/vw/id4/pure-5d/6057637,True,199800,22000,White,False,37,slow,short
340,https://www.bilbasen.dk/brugt/bil/vw/id4/pro-performance-5d/6148273,True,269900,22000,Grey,False,31,medium,medium
341,https://www.bilbasen.dk/brugt/bil/vw/id4/style-pure-5d/6150932,True,249989,22000,Blue,False,33,slow,short
342,https://www.bilbasen.dk/brugt/bil/vw/id4/pro-performance-5d/6151016,True,314900,11300,White,False,16,medium,long
343,https://www.bilbasen.dk/brugt/bil/vw/id4/pro-performance-1st-5d/6035186,True,299900,9000,Yellow_gold,False,40,medium,medium
344,https://www.bilbasen.dk/brugt/bil/vw/id4/pro-performance-5d/6123925,True,307700,10000,White,False,10,medium,long
345,https://www.bilbasen.dk/brugt/bil/vw/id4/pro-performance-5d/6046603,True,309900,15000,Black,False,22,medium,medium
346,https://www.bilbasen.dk/brugt/bil/vw/id4/gtx-4motion-5d/6147456,True,359800,19000,White,True,25,fast,short
347,https://www.bilbasen.dk/brugt/bil/vw/id4/pro-performance-5d/6134638,True,309900,23000,Silver,False,13,medium,medium
348,https://www.bilbasen.dk/brugt/bil/vw/id4/gtx-4motion-5d/6154703,True,369000,9000,White,True,11,fast,medium
349,https://www.bilbasen.dk/brugt/bil/vw/id4/pro-performance-5d/6153088,True,319900,20000,Black,False,11,medium,long
350,https://www.bilbasen.dk/brugt/bil/vw/id4/pro-performance-5d/6138640,True,339900,8500,Grey,False,36,medium,medium
351,https://www.bilbasen.dk/brugt/bil/vw/id4/pro-performance-5d/6153607,True,284900,14000,Blue,False,17,medium,medium
352,https://www.bilbasen.dk/brugt/bil/vw/id4/gtx-4motion-5d/6135339,True,419900,15000,Grey,True,11,fast,medium
353,https://www.bilbasen.dk/brugt/bil/vw/id4/pro-performance-max-5d/6134413,True,314780,22000,Blue,False,32,medium,medium
354,https://www.bilbasen.dk/brugt/bil/vw/id4/pro-performance-5d/6141987,True,319900,10000,Black,False,14,medium,long
355,https://www.bilbasen.dk/brugt/bil/vw/id4/gtx-4motion-5d/6087967,True,349800,14000,Black,True,19,fast,short
356,https://www.bilbasen.dk/brugt/bil/vw/id4/gtx-4motion-5d/6152371,True,349900,22000,Silver,True,33,fast,short
357,https://www.bilbasen.dk/brugt/bil/vw/id4/gtx-4motion-5d/6153251,True,349900,20000,Silver,True,11,fast,medium
358,https://www.bilbasen.dk/brugt/bil/vw/id4/pure-5d/6067209,True,214900,21000,Grey,False,30,slow,short
359,https://www.bilbasen.dk/brugt/bil/vw/id4/pure-5d/6150225,True,249700,12000,Grey,False,26,slow,short
360,https://www.bilbasen.dk/brugt/bil/vw/id4/pro-performance-5d/6144983,True,344900,19000,White,False,11,medium,long
361,https://www.bilbasen.dk/brugt/bil/vw/id4/pro-performance-5d/6120062,True,324700,12000,Blue,False,11,medium,long
362,https://www.bilbasen.dk/brugt/bil/vw/id4/pro-performance-5d/6139118,True,319900,14300,Black,False,15,medium,long
363,https://www.bilbasen.dk/brugt/bil/vw/id4/pro-active-5d/6156756,True,299900,20000,Black,False,13,slow,long
364,https://www.bilbasen.dk/brugt/bil/vw/id4/pure-performance-5d/6148221,True,249900,15000,Grey,False,33,medium,short
365,https://www.bilbasen.dk/brugt/bil/vw/id4/pro-performance-5d/6153554,True,359900,17000,Grey,False,33,medium,medium
366,https://www.bilbasen.dk/brugt/bil/vw/id4/pro-performance-5d/6125183,True,307700,15000,Blue,False,11,medium,long
367,https://www.bilbasen.dk/brugt/bil/vw/id4/pro-performance-max-5d/6140039,True,329900,10528,White,False,37,medium,medium
368,https://www.bilbasen.dk/brugt/bil/vw/id4/pro-performance-5d/6059400,True,355000,10000,Black,False,15,medium,medium
369,https://www.bilbasen.dk/brugt/bil/vw/id4/pro-performance-1st-5d/6006600,True,289900,20000,Grey,False,41,medium,medium
370,https://www.bilbasen.dk/brugt/bil/vw/id4/pro-5d/6154059,True,289900,10000,White,False,11,slow,long
371,https://www.bilbasen.dk/brugt/bil/vw/id4/gtx-4motion-5d/6098925,True,359800,10000,Grey,True,14,fast,medium
372,https://www.bilbasen.dk/brugt/bil/vw/id4/pro-performance-5d/6123144,True,322500,12000,Red,False,15,medium,long
373,https://www.bilbasen.dk/brugt/bil/vw/id4/pro-performance-5d/6130332,True,314700,9000,Black,False,10,medium,long
374,https://www.bilbasen.dk/brugt/bil/vw/id4/pure-performance-5d/6130606,True,254000,11000,Black,False,24,medium,short
375,https://www.bilbasen.dk/brugt/bil/vw/id4/pro-performance-5d/6145468,True,339900,18000,Blue,False,15,medium,long
376,https://www.bilbasen.dk/brugt/bil/vw/id4/pro-performance-5d/6139428,True,289900,22000,Black,False,17,medium,long
377,https://www.bilbasen.dk/brugt/bil/vw/id4/pro-performance-active-5d/6062562,True,329900,15000,Blue,False,12,medium,long
378,https://www.bilbasen.dk/brugt/bil/vw/id4/pro-performance-5d/6153605,True,329700,9000,Red,False,11,medium,long
379,https://www.bilbasen.dk/brugt/bil/vw/id4/pro-performance-1st-5d/6048153,True,299700,15000,Grey,False,31,medium,medium
380,https://www.bilbasen.dk/brugt/bil/vw/id4/gtx-4motion-5d/5724595,True,399800,14000,White,True,13,fast,medium
381,https://www.bilbasen.dk/brugt/bil/vw/id4/pure-5d/6061658,True,219900,23000,Grey,False,29,slow,short
382,https://www.bilbasen.dk/brugt/bil/vw/id4/pro-performance-life-plus-5d/6132275,True,307700,11000,Silver,False,11,medium,long
383,https://www.bilbasen.dk/brugt/bil/vw/id4/pro-performance-5d/6138554,True,302900,20000,Grey,False,18,medium,long
384,https://www.bilbasen.dk/brugt/bil/vw/id4/business-performance-5d/6147621,True,299700,22000,Grey,False,34,medium,medium
385,https://www.bilbasen.dk/brugt/bil/vw/id4/pro-performance-5d/6090707,True,334900,12000,Blue,False,14,medium,long
386,https://www.bilbasen.dk/brugt/bil/vw/id4/pro-performance-5d/6148720,True,304700,12000,Silver,False,11,medium,long
387,https://www.bilbasen.dk/brugt/bil/vw/id4/gtx-4motion-5d/6090878,True,339900,18000,White,True,32,fast,short
388,https://www.bilbasen.dk/brugt/bil/vw/id4/pro-performance-1st-max-5d/6070965,True,319900,12000,Blue,False,41,medium,medium
389,https://www.bilbasen.dk/brugt/bil/vw/id4/gtx-4motion-5d/6157292,True,349800,15000,Black,True,15,fast,medium
390,https://www.bilbasen.dk/brugt/bil/vw/id4/pro-5d/6126821,True,319900,12000,White,False,16,slow,medium
391,https://www.bilbasen.dk/brugt/bil/vw/id4/pro-performance-5d/6155516,True,309800,10000,White,False,15,medium,long
392,https://www.bilbasen.dk/brugt/bil/vw/id4/pure-5d/6151053,True,239900,17000,Red,False,26,slow,short
393,https://www.bilbasen.dk/brugt/bil/vw/id4/pure-city-5d/6148664,True,234900,10000,White,False,33,slow,short
394,https://www.bilbasen.dk/brugt/bil/vw/id4/pro-performance-max-5d/6052656,True,349900,23000,Grey,False,30,medium,medium
395,https://www.bilbasen.dk/brugt/bil/vw/id4/pro-performance-5d/6032174,True,319800,14000,Black,False,19,medium,medium
396,https://www.bilbasen.dk/brugt/bil/vw/id4/pro-performance-5d/6138531,True,304900,19000,Grey,False,13,medium,medium
397,https://www.bilbasen.dk/brugt/bil/vw/id4/pure-5d/6150804,True,239700,23000,Grey,False,27,slow,short
398,https://www.bilbasen.dk/brugt/bil/vw/id4/pro-performance-5d/6140544,True,344800,23000,White,False,11,medium,long
399,https://www.bilbasen.dk/brugt/bil/vw/id4/gtx-4motion-5d/5881494,True,379900,17000,Blue,True,29,fast,short
400,https://www.bilbasen.dk/brugt/bil/vw/id4/pro-performance-active-5d/6063951,True,329900,19000,White,False,13,medium,long
401,https://www.bilbasen.dk/brugt/bil/vw/id4/pro-performance-5d/6148118,True,319900,20000,White,False,12,medium,long
402,https://www.bilbasen.dk/brugt/bil/vw/id4/pure-performance-5d/6152907,True,239800,20000,Grey,False,30,medium,short
403,https://www.bilbasen.dk/brugt/bil/vw/id4/pro-performance-5d/6085029,True,324900,17000,Silver,False,19,medium,long
404,https://www.bilbasen.dk/brugt/bil/vw/id4/gtx-4motion-5d/6001176,True,449700,18000,Black,True,13,fast,medium
405,https://www.bilbasen.dk/brugt/bil/vw/id4/pro-performance-1st-5d/6026778,True,289990,13500,Grey,False,41,medium,medium
406,https://www.bilbasen.dk/brugt/bil/vw/id4/gtx-4motion-5d/6139551,True,314999,14300,Silver,True,21,fast,short
407,https://www.bilbasen.dk/brugt/bil/vw/id4/pro-performance-5d/6157413,True,319900,22500,White,False,21,medium,medium
408,https://www.bilbasen.dk/brugt/bil/vw/id4/pro-performance-5d/6139373,True,279900,23000,Black,False,26,medium,medium
409,https://www.bilbasen.dk/brugt/bil/vw/id4/pro-performance-5d/6039415,True,335000,19000,Blue,False,31,medium,medium
410,https://www.bilbasen.dk/brugt/bil/vw/id4/pro-performance-5d/6156512,True,299900,20000,Black,False,17,medium,long
411,https://www.bilbasen.dk/brugt/bil/vw/id4/pure-5d/6151055,True,239000,20000,Blue,False,26,slow,short
412,https://www.bilbasen.dk/brugt/bil/vw/id4/pure-5d/6145799,True,234900,16000,Grey,False,27,slow,short
413,https://www.bilbasen.dk/brugt/bil/vw/id4/pro-performance-5d/6154298,True,284900,19000,Grey,False,17,medium,long
414,https://www.bilbasen.dk/brugt/bil/vw/id4/pro-performance-5d/6153038,True,319900,9700,Black,False,11,medium,long
415,https://www.bilbasen.dk/brugt/bil/vw/id4/gtx-4motion-5d/5908411,True,469900,10000,Blue,True,6,fast,medium
416,https://www.bilbasen.dk/brugt/bil/vw/id4/pro-performance-5d/6122792,True,324700,12000,Blue,False,11,medium,long
417,https://www.bilbasen.dk/brugt/bil/vw/id4/1st-max-5d/6130514,True,329800,14000,Grey,False,41,medium,medium
418,https://www.bilbasen.dk/brugt/bil/vw/id4/gtx-4motion-5d/6152092,True,299999,17500,Red,True,34,fast,short
419,https://www.bilbasen.dk/brugt/bil/vw/id4/pro-performance-max-5d/6140068,True,339800,21000,White,False,35,medium,medium
420,https://www.bilbasen.dk/brugt/bil/vw/id4/pure-5d/6156858,True,219800,12000,Grey,False,28,slow,short
421,https://www.bilbasen.dk/brugt/bil/vw/id4/pro-performance-active-5d/6046602,True,339900,9000,Blue,False,12,medium,long
422,https://www.bilbasen.dk/brugt/bil/vw/id4/pro-performance-1st-5d/6123617,True,284900,14000,White,False,37,medium,medium
423,https://www.bilbasen.dk/brugt/bil/vw/id4/gtx-4motion-5d/6150307,True,349700,19000,White,True,14,fast,medium
424,https://www.bilbasen.dk/brugt/bil/vw/id4/pro-performance-5d/6139160,True,309990,15800,Black,False,14,medium,long
425,https://www.bilbasen.dk/brugt/bil/vw/id4/pro-performance-5d/6021740,True,309800,21000,Red,False,27,medium,medium
426,https://www.bilbasen.dk/brugt/bil/vw/id4/pro-performance-life-5d/6072269,True,279900,23000,White,False,29,medium,medium
427,https://www.bilbasen.dk/brugt/bil/vw/id4/pro-performance-5d/6138361,True,304900,13500,Grey,False,16,medium,medium
428,https://www.bilbasen.dk/brugt/bil/vw/id4/pro-performance-5d/6101534,True,299900,11500,Grey,False,34,medium,medium
429,https://www.bilbasen.dk/brugt/bil/vw/id4/pro-5d/6137369,True,278800,17000,White,False,19,slow,short
430,https://www.bilbasen.dk/brugt/bil/vw/id4/pro-5d/5978679,True,369900,9000,Blue,False,17,slow,long
431,https://www.bilbasen.dk/brugt/bil/vw/id4/pure-city-5d/6130502,True,239900,19000,Grey,False,28,slow,short
432,https://www.bilbasen.dk/brugt/bil/vw/id4/pure-5d/6144588,True,229800,22000,White,False,28,slow,short
433,https://www.bilbasen.dk/brugt/bil/vw/id4/pro-performance-5d/6148116,True,319900,15000,Silver,False,17,medium,long
434,https://www.bilbasen.dk/brugt/bil/vw/id4/pro-performance-5d/5978619,True,399900,12000,Black,False,18,medium,medium
435,https://www.bilbasen.dk/brugt/bil/vw/id4/pro-performance-5d/6128155,True,319900,9000,Grey,False,19,medium,medium
436,https://www.bilbasen.dk/brugt/bil/vw/id4/gtx-4motion-5d/5798884,True,349900,15000,Red,True,20,fast,short
437,https://www.bilbasen.dk/brugt/bil/vw/id4/pro-performance-5d/6155524,True,359800,9000,Grey,False,15,medium,long
438,https://www.bilbasen.dk/brugt/bil/vw/id4/family-performance-5d/6049307,True,324900,21000,White,False,28,medium,medium
439,https://www.bilbasen.dk/brugt/bil/vw/id4/pure-5d/6062918,True,234700,12000,White,False,30,slow,short
440,https://www.bilbasen.dk/brugt/bil/vw/id4/pro-5d/6143565,True,299500,9000,White,False,11,slow,long
441,https://www.bilbasen.dk/brugt/bil/vw/id4/pro-performance-5d/6156082,True,279900,20800,Grey,False,37,medium,medium
442,https://www.bilbasen.dk/brugt/bil/vw/id4/pro-performance-5d/5871356,True,349900,13000,White,False,18,medium,long
443,https://www.bilbasen.dk/brugt/bil/vw/id4/pro-performance-1st-5d/6027624,True,297700,23000,White,False,40,medium,medium
444,https://www.bilbasen.dk/brugt/bil/vw/id4/city-pure-performance-5d/5980952,True,224900,23000,Grey,False,33,medium,short
445,https://www.bilbasen.dk/brugt/bil/vw/id4/gtx-4motion-5d/6154951,True,399900,18000,White,True,18,fast,short
446,https://www.bilbasen.dk/brugt/bil/vw/id4/pure-5d/6136091,True,214500,19000,Grey,False,27,slow,short
447,https://www.bilbasen.dk/brugt/bil/vw/id4/pro-performance-5d/6157540,True,310000,15000,White,False,18,medium,long
448,https://www.bilbasen.dk/brugt/bil/vw/id4/pure-5d/6079318,True,204700,22000,Grey,False,33,slow,short
449,https://www.bilbasen.dk/brugt/bil/vw/id4/gtx-4motion-5d/6069683,True,369000,21000,Blue,True,14,fast,medium
450,https://www.bilbasen.dk/brugt/bil/vw/id4/pro-performance-5d/6151009,True,279500,14500,Grey,False,29,medium,medium
451,https://www.bilbasen.dk/brugt/bil/vw/id4/pro-performance-5d/6148915,True,309900,11000,White,False,11,medium,long
452,https://www.bilbasen.dk/brugt/bil/vw/id4/pro-performance-business-5d/6100456,True,299800,17000,Grey,False,35,medium,medium
453,https://www.bilbasen.dk/brugt/bil/vw/id4/pure-performance-5d/6062811,True,234900,16500,Grey,False,31,medium,short
454,https://www.bilbasen.dk/brugt/bil/vw/id4/gtx-4motion-5d/6152809,True,354600,10400,Black,True,14,fast,long
455,https://www.bilbasen.dk/brugt/bil/vw/id4/pro-performance-5d/6150546,True,335000,12000,Grey,False,13,medium,long
456,https://www.bilbasen.dk/brugt/bil/vw/id4/pro-performance-5d/6128421,True,369900,17000,White,False,18,medium,long
457,https://www.bilbasen.dk/brugt/bil/vw/id4/pro-performance-5d/6139369,True,309900,21000,White,False,28,medium,medium
458,https://www.bilbasen.dk/brugt/bil/vw/id4/gtx-4motion-5d/6038967,True,349900,17500,Red,True,33,fast,short
459,https://www.bilbasen.dk/brugt/bil/vw/id4/pro-performance-5d/6157463,True,314800,14000,Black,False,13,medium,long
460,https://www.bilbasen.dk/brugt/bil/vw/id4/pro-performance-5d/6136340,True,320000,11992,Blue,False,14,medium,long
461,https://www.bilbasen.dk/brugt/bil/vw/id4/gtx-4motion-5d/6149388,True,348900,18000,Silver,True,11,fast,medium
462,https://www.bilbasen.dk/brugt/bil/vw/id4/gtx-4motion-5d/6012941,True,444900,12000,Black,True,13,fast,medium
463,https://www.bilbasen.dk/brugt/bil/vw/id4/pro-performance-5d/6122843,True,319900,8400,Grey,False,17,medium,long
464,https://www.bilbasen.dk/brugt/bil/vw/id4/pro-performance-5d/6158226,True,319800,21000,Black,False,14,medium,long
465,https://www.bilbasen.dk/brugt/bil/vw/id4/pro-performance-5d/6054424,True,354980,9800,White,False,20,medium,medium
466,https://www.bilbasen.dk/brugt/bil/vw/id4/gtx-4motion-5d/6087959,True,369800,16000,Black,True,14,fast,medium
467,https://www.bilbasen.dk/brugt/bil/vw/id4/gtx-4motion-5d/6091799,True,354800,22000,White,True,33,fast,short
468,https://www.bilbasen.dk/brugt/bil/vw/id4/pure-5d/6036483,True,214900,20000,Grey,False,33,slow,short
469,https://www.bilbasen.dk/brugt/bil/vw/id4/gtx-4motion-5d/6135433,True,369900,15000,Silver,True,13,fast,medium
470,https://www.bilbasen.dk/brugt/bil/vw/id4/gtx-4motion-5d/6101164,True,399900,21000,White,True,11,fast,medium
471,https://www.bilbasen.dk/brugt/bil/vw/id4/pro-performance-5d/6138625,True,334900,12000,Yellow_gold,False,37,medium,medium
472,https://www.bilbasen.dk/brugt/bil/vw/id4/pure-performance-5d/5877980,False,207000,46000,Yellow_gold,False,35,medium,short
473,https://www.bilbasen.dk/brugt/bil/vw/id4/pro-performance-5d/6156856,False,298000,17000,Black,False,15,medium,long
474,https://www.bilbasen.dk/brugt/bil/vw/id4/gtx-4motion-5d/6158360,False,339900,29000,White,True,35,fast,short
475,https://www.bilbasen.dk/brugt/bil/vw/id4/pro-performance-5d/6096971,False,309000,25000,Black,False,18,medium,medium
476,https://www.bilbasen.dk/brugt/bil/vw/id4/gtx-4motion-5d/6036654,False,334900,43000,Black,True,20,fast,short
477,https://www.bilbasen.dk/brugt/bil/vw/id4/pro-performance-business-5d/6076248,False,209209,163000,White,False,36,medium,medium
478,https://www.bilbasen.dk/brugt/bil/vw/id4/pro-5d/6151693,False,319900,43000,White,False,17,slow,long
479,https://www.bilbasen.dk/brugt/bil/vw/id4/1st-pro-5d/6034008,False,264900,24000,White,False,38,medium,medium
480,https://www.bilbasen.dk/brugt/bil/vw/id4/gtx-4motion-5d/6151532,False,370000,33000,Grey,True,23,fast,short
481,https://www.bilbasen.dk/brugt/bil/vw/id4/pro-performance-5d/5944394,False,339000,15000,Black,False,18,medium,medium
482,https://www.bilbasen.dk/brugt/bil/vw/id4/gtx-4motion-5d/6153307,False,350000,8000,White,True,15,fast,medium
483,https://www.bilbasen.dk/brugt/bil/vw/id4/pro-performance-5d/6135843,False,295000,25000,Silver,False,17,medium,medium
484,https://www.bilbasen.dk/brugt/bil/vw/id4/pro-performance-1st-max-5d/6129629,False,299500,42000,Grey,False,37,medium,medium
485,https://www.bilbasen.dk/brugt/bil/vw/id4/pro-performance-5d/6144536,False,295000,26000,Blue,False,17,medium,long
